NationalGridBmUnit,carrier,bus,lon,lat,SSE-SP_side,SCOTEX_side,SSHARN_side,FLOWSTH_side,SEIMP_side
IBG-EGEN1,interconnector,4969,0.6530000000000001,51.46000000000001,south,south,south,south,north
IBG-ENGI1,interconnector,4969,0.6530000000000001,51.46000000000001,south,south,south,south,north
IBG-RSQ1,interconnector,4969,0.6530000000000001,51.46000000000001,south,south,south,south,north
IVD-VKL1,interconnector,7909,-0.221,52.931,south,south,south,north,north
IVG-VKL1,interconnector,7909,-0.221,52.931,south,south,south,north,north
BFSE01,battery,6051,-1.22,52.585,south,south,south,north,north
AG-HLIM01,battery,5249,-1.494,51.598,south,south,south,south,north
AG-HLIM02,battery,5252,-1.194,50.852,south,south,south,south,north
AG-HLIM03,battery,5226,-1.99,51.616,south,south,south,south,north
AG-HLIM04,battery,5249,-1.494,51.598,south,south,south,south,north
BRGDG-1,fossil,6038,-0.508006,53.540993,south,south,south,north,north
AG-MFLX02,battery,6029,-1.247,53.398,south,south,south,north,north
AG-NHAV02,fossil,5913,-3.781,55.803,south,north,north,north,north
CMSTW-1,onwind,6443,-3.270129,58.406935,north,north,north,north,north
ROTHW-1,onwind,6448,-3.36,57.53,north,north,north,north,north
PAUHW-1,onwind,6448,-3.458196,57.451933,north,north,north,north,north
AG-PFLX01,battery,8020,-3.423,56.412,south,north,north,north,north
NSC-ATL01,hydro,6438,-4.491,57.468,north,north,north,north,north
LCSMH-1,cascade,6453,-5.073,56.829,north,north,north,north,north
KNLCV-1,hydro,6453,-4.95803,56.7129,north,north,north,north,north
CAIRW-2,onwind,6448,-3.063895,57.504968,north,north,north,north,north
MDHLW-1,onwind,6486,-2.482026,56.964685,south,north,north,north,north
TMNCW-1,onwind,6440,-3.9,57.391,north,north,north,north,north
DRAXD-2,biomass,6032,-0.996389,53.7358,south,south,south,north,north
ABERU-1,fossil,6049,-1.270137,53.090486,south,south,south,north,north
ABRTW-1,onwind,6441,-4.372559,58.430482,north,north,north,north,north
AIRSW-1,onwind,5914,-3.814161,55.51487,south,north,north,north,north
ARNKB-2,battery,4966,0.344,51.484,south,south,south,south,north
ASHWW-1,onwind,6452,-5.449219,56.065903,south,north,north,north,north
ASLVW-1,onwind,5911,-3.988675,55.621764,south,north,north,north,north
BARNB-1,battery,5999,-1.457,53.558,south,south,south,north,north
BETHW-1,onwind,6440,-3.966064,57.36209,north,north,north,north,north
BHOLB-1,battery,5229,-1.998,50.721,south,south,south,south,north
BLARW-1,onwind,5896,-5.636,55.564,south,north,north,north,north
BNWKW-1,onwind,6443,-3.21433,58.351973,north,north,north,north,north
BRDUW-1,onwind,5905,-4.141234,55.255156,south,north,north,north,north
BRGG-1,fossil,6042,-0.32959,53.442264,south,south,south,north,north
BRIDU-1,fossil,6037,-0.203475,54.086555,south,south,south,north,north
BROAB-1,battery,4962,0.33,51.413,south,south,south,south,north
BROFB-1,battery,4956,1.05,52.074,south,south,south,south,north
BRYBW-1,onwind,6451,-4.668919,57.22303,north,north,north,north,north
BTUIW-2,onwind,6451,-4.789059,57.17555556,north,north,north,north,north
BTUIW-3,onwind,6451,-4.789059,57.17555556,north,north,north,north,north
BURWB-1,battery,4950,0.316,52.279,south,south,south,south,north
CHAPB-1,battery,5240,-0.4963,51.9266,south,south,south,south,north
CLAC-1,hydro,6453,-4.918736,56.277573,south,north,north,north,north
CLAYB-1,battery,4961,0.298,51.552,south,south,south,south,north
CLAYB-2,battery,4961,0.298,51.552,south,south,south,south,north
CLFLW-1,onwind,6453,-4.957855,56.283062,south,north,north,north,north
CONTB-1,battery,5273,-0.162756,50.95526,south,south,south,south,south
CORB-1,fossil,5233,-0.86792,52.247983,south,south,south,south,north
COWE1,fossil,5207,-5.064697,50.373496,south,south,south,south,north
COWE2,fossil,5207,-5.064697,50.373496,south,south,south,south,north
CROYD-2,fossil,5270,-0.11637,51.37644,south,south,south,south,north
CRSSB-1,battery,5927,-2.959,53.481,south,south,south,north,north
DALSW-1,onwind,5917,-3.662819,55.183662,south,north,north,north,north
DBFRM-1,fossil,5252,-1.153879,50.861673,south,south,south,south,north
DERW-1,fossil,6049,-1.399444,52.905812,south,south,south,north,north
DIDC01G,fossil,5249,-1.26757,51.62363,south,south,south,south,north
DIDC02G,fossil,5249,-1.26757,51.62363,south,south,south,south,north
DIDC03G,fossil,5249,-1.26757,51.62363,south,south,south,south,north
DIDC04G,fossil,5249,-1.26757,51.62363,south,south,south,south,north
FASN3,hydro,6437,-4.793703,57.325887,north,north,north,north,north
FASN-4,hydro,6437,-4.793703,57.325887,north,north,north,north,north
FAWN-1,fossil,5253,-1.351433,50.830367,south,south,south,south,north
FDUNT-1,fossil,6010,-1.349033,53.071393,south,south,south,north,north
FELL-1,fossil,5253,-1.351433,50.830367,south,south,south,south,north
GDSTW-1,onwind,8013,-2.484139,57.460944,north,north,north,north,north
GFLDW-1,onwind,7946,-0.872421,53.668356,south,south,south,north,north
GLCHW-1,onwind,5893,-4.754334,54.96342,south,north,south,north,north
GLOFW-1,onwind,6448,-2.878418,57.219608,north,north,north,north,north
GRGRW-1,onwind,6466,-3.889,55.904,south,north,north,north,north
GYAR-1,fossil,5889,1.625977,52.596375,south,south,south,south,north
HBHDW-1,onwind,7469,-3.547456,55.815259,south,north,north,north,north
HLGLW-1,onwind,6448,-3.615587,57.51052,north,north,north,north,north
HLTWW-1,onwind,8013,-2.406006,57.486309,north,north,north,north,north
HRHLW-1,onwind,5911,-4.054104,55.405691,south,north,north,north,north
ILMEB-1,battery,5238,-0.892,51.741,south,south,south,south,north
JAMBB-1,battery,8020,-3.294,56.341,south,north,north,north,north
KLYN-A-1,fossil,5888,0.380117,52.727256,south,south,south,south,north
LITRB-1,battery,6475,-3.33,56.104,south,north,north,north,north
LNMTH-1,fossil,5949,-1.52083,55.20417,south,south,north,north,north
LNMTH-2,fossil,5949,-1.52083,55.20417,south,south,north,north,north
LNMTH-3,fossil,5949,-1.52083,55.20417,south,south,north,north,north
MANXENR-1,load,4955,0.89694,51.74139,south,south,south,south,north
MARK-1,biomass,6448,-3.603516,57.480403,north,north,north,north,north
MDLWH-1,fossil,5981,-2.42461,53.18726,south,south,south,north,north
MINSW-1,onwind,5919,-3.47168,55.040614,south,south,south,north,north
MOYEW-1,onwind,6440,-4.064872,57.390303,north,north,north,north,north
NEWTB-1,battery,6008,-1.327,53.138,south,south,south,north,north
PETEM1,fossil,6053,-0.204697,52.57694,south,south,south,south,north
PETDG-1,fossil,6053,-0.2037977,52.575703,south,south,south,south,north
PILLB-1,battery,6035,-0.407,53.796,south,south,south,north,north
PILLB-2,battery,6035,-0.407,53.796,south,south,south,north,north
RHEI-4,hydro,5933,-3.9,52.396,south,south,south,north,north
ROOSB-1,battery,5925,-3.189,54.105,south,south,south,north,north
SEVIU-1,fossil,5198,-2.9983234,51.5877364,south,south,south,south,north
SHOS-1,fossil,5273,-0.252686,50.882243,south,south,south,south,south
SKELB-1,battery,8022,-2.775,53.553,south,south,south,north,north
SOLUU-1,fossil,5253,-1.2764,50.7459,south,south,south,south,north
TAYL2G,fossil,5264,-0.2575,51.546,south,south,south,south,north
TAYL3G,fossil,5264,-0.2575,51.546,south,south,south,south,north
TIBG-1,biomass,4966,0.389,51.459,south,south,south,south,north
THMRB-1,battery,5238,-0.894,51.766,south,south,south,south,north
THRNL-1,fossil,5990,-1.6547222222222,53.677222222222,south,south,south,north,north
TOLLB-1,battery,5244,-0.245,51.735,south,south,south,south,north
TULWW-1,onwind,6462,-2.581787,56.662265,south,north,north,north,north
TULWW-2,onwind,6462,-2.581787,56.662265,south,north,north,north,north
VKING-2,fossil,5965,-1.20268,54.6067,south,south,north,north,north
I2D-ALEU1,interconnector,4955,0.8645384615384615,51.808076923076925,south,south,south,south,north
I2D-ALIP1,interconnector,4955,0.8645384615384615,51.808076923076925,south,south,south,south,north
I2D-ARON1,interconnector,4955,0.8645384615384615,51.808076923076925,south,south,south,south,north
I2D-AXPO1,interconnector,4955,0.8645384615384615,51.808076923076925,south,south,south,south,north
I2D-BDEN1,interconnector,4955,0.8645384615384615,51.808076923076925,south,south,south,south,north
I2D-BKWE1,interconnector,4955,0.8645384615384615,51.808076923076925,south,south,south,south,north
I2D-BNPS1,interconnector,4955,0.8645384615384615,51.808076923076925,south,south,south,south,north
I2D-BPGM1,interconnector,4955,0.8645384615384615,51.808076923076925,south,south,south,south,north
I2D-CBST1,interconnector,4955,0.8645384615384615,51.808076923076925,south,south,south,south,north
I2D-CENT1,interconnector,4955,0.8645384615384615,51.808076923076925,south,south,south,south,north
I2D-CETL1,interconnector,4955,0.8645384615384615,51.808076923076925,south,south,south,south,north
I2D-CEZC1,interconnector,4955,0.8645384615384615,51.808076923076925,south,south,south,south,north
I2D-CNGS1,interconnector,4955,0.8645384615384615,51.808076923076925,south,south,south,south,north
I2D-CNRE1,interconnector,4955,0.8645384615384615,51.808076923076925,south,south,south,south,north
I2D-CONS1,interconnector,4955,0.8645384615384615,51.808076923076925,south,south,south,south,north
I2D-CONV1,interconnector,4955,0.8645384615384615,51.808076923076925,south,south,south,south,north
I2D-COPN1,interconnector,4955,0.8645384615384615,51.808076923076925,south,south,south,south,north
I2D-DARE1,interconnector,4955,0.8645384615384615,51.808076923076925,south,south,south,south,north
I2D-DMCC1,interconnector,4955,0.8645384615384615,51.808076923076925,south,south,south,south,north
I2D-DSKC1,interconnector,4955,0.8645384615384615,51.808076923076925,south,south,south,south,north
I2D-DUEN1,interconnector,4955,0.8645384615384615,51.808076923076925,south,south,south,south,north
I2D-DUGE1,interconnector,4955,0.8645384615384615,51.808076923076925,south,south,south,south,north
I2D-DVAL1,interconnector,4955,0.8645384615384615,51.808076923076925,south,south,south,south,north
I2D-EDFT1,interconnector,4955,0.8645384615384615,51.808076923076925,south,south,south,south,north
I2D-EDMK1,interconnector,4955,0.8645384615384615,51.808076923076925,south,south,south,south,north
I2D-ELEE1,interconnector,4955,0.8645384615384615,51.808076923076925,south,south,south,south,north
I2D-ELTR1,interconnector,4955,0.8645384615384615,51.808076923076925,south,south,south,south,north
I2D-ENKI1,interconnector,4955,0.8645384615384615,51.808076923076925,south,south,south,south,north
I2D-ENSC1,interconnector,4955,0.8645384615384615,51.808076923076925,south,south,south,south,north
I2D-ENSP1,interconnector,4955,0.8645384615384615,51.808076923076925,south,south,south,south,north
I2D-ENTC1,interconnector,4955,0.8645384615384615,51.808076923076925,south,south,south,south,north
I2D-EPCO1,interconnector,4955,0.8645384615384615,51.808076923076925,south,south,south,south,north
I2D-EZCO1,interconnector,4955,0.8645384615384615,51.808076923076925,south,south,south,south,north
I2D-GASE1,interconnector,4955,0.8645384615384615,51.808076923076925,south,south,south,south,north
I2D-GAZP1,interconnector,4955,0.8645384615384615,51.808076923076925,south,south,south,south,north
I2D-GLEN1,interconnector,4955,0.8645384615384615,51.808076923076925,south,south,south,south,north
I2D-GRMT1,interconnector,4955,0.8645384615384615,51.808076923076925,south,south,south,south,north
I2D-HART1,interconnector,4955,0.8645384615384615,51.808076923076925,south,south,south,south,north
I2D-HELI1,interconnector,4955,0.8645384615384615,51.808076923076925,south,south,south,south,north
I2D-IBES1,interconnector,4955,0.8645384615384615,51.808076923076925,south,south,south,south,north
I2D-INCM1,interconnector,4955,0.8645384615384615,51.808076923076925,south,south,south,south,north
I2D-MCRA1,interconnector,4955,0.8645384615384615,51.808076923076925,south,south,south,south,north
I2D-MFTE1,interconnector,4955,0.8645384615384615,51.808076923076925,south,south,south,south,north
I2D-MQBN1,interconnector,4955,0.8645384615384615,51.808076923076925,south,south,south,south,north
I2D-NEAS1,interconnector,4955,0.8645384615384615,51.808076923076925,south,south,south,south,north
I2D-NEHO1,interconnector,4955,0.8645384615384615,51.808076923076925,south,south,south,south,north
I2D-NITR1,interconnector,4955,0.8645384615384615,51.808076923076925,south,south,south,south,north
I2D-NORL1,interconnector,4955,0.8645384615384615,51.808076923076925,south,south,south,south,north
I2D-NTPL1,interconnector,4955,0.8645384615384615,51.808076923076925,south,south,south,south,north
I2D-NVAL1,interconnector,4955,0.8645384615384615,51.808076923076925,south,south,south,south,north
I2D-OMPX1,interconnector,4955,0.8645384615384615,51.808076923076925,south,south,south,south,north
I2D-OPMX1,interconnector,4955,0.8645384615384615,51.808076923076925,south,south,south,south,north
I2D-OUTL1,interconnector,4955,0.8645384615384615,51.808076923076925,south,south,south,south,north
I2D-PLAN1,interconnector,4955,0.8645384615384615,51.808076923076925,south,south,south,south,north
I2D-PREP1,interconnector,4955,0.8645384615384615,51.808076923076925,south,south,south,south,north
I2D-PWMR1,interconnector,4955,0.8645384615384615,51.808076923076925,south,south,south,south,north
I2D-QUAR1,interconnector,4955,0.8645384615384615,51.808076923076925,south,south,south,south,north
I2D-QUEN1,interconnector,4955,0.8645384615384615,51.808076923076925,south,south,south,south,north
I2D-RESP1,interconnector,4955,0.8645384615384615,51.808076923076925,south,south,south,south,north
I2D-RISQ1,interconnector,4955,0.8645384615384615,51.808076923076925,south,south,south,south,north
I2D-RWES1,interconnector,4955,0.8645384615384615,51.808076923076925,south,south,south,south,north
I2D-SETL1,interconnector,4955,0.8645384615384615,51.808076923076925,south,south,south,south,north
I2D-SSEG1,interconnector,4955,0.8645384615384615,51.808076923076925,south,south,south,south,north
I2D-STAT1,interconnector,4955,0.8645384615384615,51.808076923076925,south,south,south,south,north
I2D-TGPL1,interconnector,4955,0.8645384615384615,51.808076923076925,south,south,south,south,north
I2D-TRFD1,interconnector,4955,0.8645384615384615,51.808076923076925,south,south,south,south,north
I2D-TRFG1,interconnector,4955,0.8645384615384615,51.808076923076925,south,south,south,south,north
I2D-TRLS1,interconnector,4955,0.8645384615384615,51.808076923076925,south,south,south,south,north
I2D-VOLT1,interconnector,4955,0.8645384615384615,51.808076923076925,south,south,south,south,north
I2D-VSAL1,interconnector,4955,0.8645384615384615,51.808076923076925,south,south,south,south,north
I2D-VTET1,interconnector,4955,0.8645384615384615,51.808076923076925,south,south,south,south,north
I2D-XNON1,interconnector,4955,0.8645384615384615,51.808076923076925,south,south,south,south,north
I2G-ALEU1,interconnector,4955,0.8645384615384615,51.808076923076925,south,south,south,south,north
I2G-ALIP1,interconnector,4955,0.8645384615384615,51.808076923076925,south,south,south,south,north
I2G-ARON1,interconnector,4955,0.8645384615384615,51.808076923076925,south,south,south,south,north
I2G-AXPO1,interconnector,4955,0.8645384615384615,51.808076923076925,south,south,south,south,north
I2G-BDEN1,interconnector,4955,0.8645384615384615,51.808076923076925,south,south,south,south,north
I2G-BKWE1,interconnector,4955,0.8645384615384615,51.808076923076925,south,south,south,south,north
I2G-BNPS1,interconnector,4955,0.8645384615384615,51.808076923076925,south,south,south,south,north
I2G-BPGM1,interconnector,4955,0.8645384615384615,51.808076923076925,south,south,south,south,north
I2G-CBST1,interconnector,4955,0.8645384615384615,51.808076923076925,south,south,south,south,north
I2G-CENT1,interconnector,4955,0.8645384615384615,51.808076923076925,south,south,south,south,north
I2G-CETL1,interconnector,4955,0.8645384615384615,51.808076923076925,south,south,south,south,north
I2G-CEZC1,interconnector,4955,0.8645384615384615,51.808076923076925,south,south,south,south,north
I2G-CNGS1,interconnector,4955,0.8645384615384615,51.808076923076925,south,south,south,south,north
I2G-CNRE1,interconnector,4955,0.8645384615384615,51.808076923076925,south,south,south,south,north
I2G-CONS1,interconnector,4955,0.8645384615384615,51.808076923076925,south,south,south,south,north
I2G-CONV1,interconnector,4955,0.8645384615384615,51.808076923076925,south,south,south,south,north
I2G-COPN1,interconnector,4955,0.8645384615384615,51.808076923076925,south,south,south,south,north
I2G-DARE1,interconnector,4955,0.8645384615384615,51.808076923076925,south,south,south,south,north
I2G-DMCC1,interconnector,4955,0.8645384615384615,51.808076923076925,south,south,south,south,north
I2G-DSKC1,interconnector,4955,0.8645384615384615,51.808076923076925,south,south,south,south,north
I2G-DUEN1,interconnector,4955,0.8645384615384615,51.808076923076925,south,south,south,south,north
I2G-DUGE1,interconnector,4955,0.8645384615384615,51.808076923076925,south,south,south,south,north
I2G-DVAL1,interconnector,4955,0.8645384615384615,51.808076923076925,south,south,south,south,north
I2G-EDFT1,interconnector,4955,0.8645384615384615,51.808076923076925,south,south,south,south,north
I2G-EDMK1,interconnector,4955,0.8645384615384615,51.808076923076925,south,south,south,south,north
I2G-ELEE1,interconnector,4955,0.8645384615384615,51.808076923076925,south,south,south,south,north
I2G-ELTR1,interconnector,4955,0.8645384615384615,51.808076923076925,south,south,south,south,north
I2G-ENKI1,interconnector,4955,0.8645384615384615,51.808076923076925,south,south,south,south,north
I2G-ENSC1,interconnector,4955,0.8645384615384615,51.808076923076925,south,south,south,south,north
I2G-ENSP1,interconnector,4955,0.8645384615384615,51.808076923076925,south,south,south,south,north
I2G-ENTC1,interconnector,4955,0.8645384615384615,51.808076923076925,south,south,south,south,north
I2G-EPCO1,interconnector,4955,0.8645384615384615,51.808076923076925,south,south,south,south,north
I2G-EZCO1,interconnector,4955,0.8645384615384615,51.808076923076925,south,south,south,south,north
I2G-GASE1,interconnector,4955,0.8645384615384615,51.808076923076925,south,south,south,south,north
I2G-GAZP1,interconnector,4955,0.8645384615384615,51.808076923076925,south,south,south,south,north
I2G-GLEN1,interconnector,4955,0.8645384615384615,51.808076923076925,south,south,south,south,north
I2G-GRMT1,interconnector,4955,0.8645384615384615,51.808076923076925,south,south,south,south,north
I2G-HART1,interconnector,4955,0.8645384615384615,51.808076923076925,south,south,south,south,north
I2G-HELI1,interconnector,4955,0.8645384615384615,51.808076923076925,south,south,south,south,north
I2G-IBES1,interconnector,4955,0.8645384615384615,51.808076923076925,south,south,south,south,north
I2G-INCM1,interconnector,4955,0.8645384615384615,51.808076923076925,south,south,south,south,north
I2G-MCRA1,interconnector,4955,0.8645384615384615,51.808076923076925,south,south,south,south,north
I2G-MFTE1,interconnector,4955,0.8645384615384615,51.808076923076925,south,south,south,south,north
I2G-MQBN1,interconnector,4955,0.8645384615384615,51.808076923076925,south,south,south,south,north
I2G-NEAS1,interconnector,4955,0.8645384615384615,51.808076923076925,south,south,south,south,north
I2G-NEHO1,interconnector,4955,0.8645384615384615,51.808076923076925,south,south,south,south,north
I2G-NITR1,interconnector,4955,0.8645384615384615,51.808076923076925,south,south,south,south,north
I2G-NORL1,interconnector,4955,0.8645384615384615,51.808076923076925,south,south,south,south,north
I2G-NTPL1,interconnector,4955,0.8645384615384615,51.808076923076925,south,south,south,south,north
I2G-NVAL1,interconnector,4955,0.8645384615384615,51.808076923076925,south,south,south,south,north
I2G-OMPX1,interconnector,4955,0.8645384615384615,51.808076923076925,south,south,south,south,north
I2G-OPMX1,interconnector,4955,0.8645384615384615,51.808076923076925,south,south,south,south,north
I2G-OUTL1,interconnector,4955,0.8645384615384615,51.808076923076925,south,south,south,south,north
I2G-PLAN1,interconnector,4955,0.8645384615384615,51.808076923076925,south,south,south,south,north
I2G-PREP1,interconnector,4955,0.8645384615384615,51.808076923076925,south,south,south,south,north
I2G-PWMR1,interconnector,4955,0.8645384615384615,51.808076923076925,south,south,south,south,north
I2G-QUAR1,interconnector,4955,0.8645384615384615,51.808076923076925,south,south,south,south,north
I2G-QUEN1,interconnector,4955,0.8645384615384615,51.808076923076925,south,south,south,south,north
I2G-RESP1,interconnector,4955,0.8645384615384615,51.808076923076925,south,south,south,south,north
I2G-RISQ1,interconnector,4955,0.8645384615384615,51.808076923076925,south,south,south,south,north
I2G-RWES1,interconnector,4955,0.8645384615384615,51.808076923076925,south,south,south,south,north
I2G-SETL1,interconnector,4955,0.8645384615384615,51.808076923076925,south,south,south,south,north
I2G-SSEG1,interconnector,4955,0.8645384615384615,51.808076923076925,south,south,south,south,north
I2G-STAT1,interconnector,4955,0.8645384615384615,51.808076923076925,south,south,south,south,north
I2G-TGPL1,interconnector,4955,0.8645384615384615,51.808076923076925,south,south,south,south,north
I2G-TRFD1,interconnector,4955,0.8645384615384615,51.808076923076925,south,south,south,south,north
I2G-TRFG1,interconnector,4955,0.8645384615384615,51.808076923076925,south,south,south,south,north
I2G-TRLS1,interconnector,4955,0.8645384615384615,51.808076923076925,south,south,south,south,north
I2G-VOLT1,interconnector,4955,0.8645384615384615,51.808076923076925,south,south,south,south,north
I2G-VSAL1,interconnector,4955,0.8645384615384615,51.808076923076925,south,south,south,south,north
I2G-VTET1,interconnector,4955,0.8645384615384615,51.808076923076925,south,south,south,south,north
I2G-XNON1,interconnector,4955,0.8645384615384615,51.808076923076925,south,south,south,south,north
IBD-DARE1,interconnector,4969,0.653,51.46,south,south,south,south,north
IBG-ALIP1,interconnector,4969,0.6530000000000001,51.46000000000001,south,south,south,south,north
IBG-ALPE1,interconnector,4969,0.6530000000000001,51.46000000000001,south,south,south,south,north
IBG-BDEN1,interconnector,4969,0.6530000000000001,51.46000000000001,south,south,south,south,north
IBG-BKWE1,interconnector,4969,0.6530000000000001,51.46000000000001,south,south,south,south,north
IBG-BPGE1,interconnector,4969,0.6530000000000001,51.46000000000001,south,south,south,south,north
IBG-BRTN1,interconnector,4969,0.6530000000000001,51.46000000000001,south,south,south,south,north
IBG-CACM1,interconnector,4969,0.6530000000000001,51.46000000000001,south,south,south,south,north
IBG-CBST1,interconnector,4969,0.6530000000000001,51.46000000000001,south,south,south,south,north
IBG-CENT1,interconnector,4969,0.6530000000000001,51.46000000000001,south,south,south,south,north
IBG-CETA1,interconnector,4969,0.6530000000000001,51.46000000000001,south,south,south,south,north
IBG-CEZC1,interconnector,4969,0.6530000000000001,51.46000000000001,south,south,south,south,north
IBG-CGML1,interconnector,4969,0.6530000000000001,51.46000000000001,south,south,south,south,north
IBG-CNGS1,interconnector,4969,0.6530000000000001,51.46000000000001,south,south,south,south,north
IBG-CONS1,interconnector,4969,0.6530000000000001,51.46000000000001,south,south,south,south,north
IBG-CONV1,interconnector,4969,0.6530000000000001,51.46000000000001,south,south,south,south,north
IBG-COPN1,interconnector,4969,0.6530000000000001,51.46000000000001,south,south,south,south,north
IBG-DARE1,interconnector,4969,0.6530000000000001,51.46000000000001,south,south,south,south,north
IBG-DMCC1,interconnector,4969,0.6530000000000001,51.46000000000001,south,south,south,south,north
IBG-DNGN1,interconnector,4969,0.6530000000000001,51.46000000000001,south,south,south,south,north
IBG-DSKC1,interconnector,4969,0.6530000000000001,51.46000000000001,south,south,south,south,north
IBG-DUFE1,interconnector,4969,0.6530000000000001,51.46000000000001,south,south,south,south,north
IBG-DVAL1,interconnector,4969,0.6530000000000001,51.46000000000001,south,south,south,south,north
IBG-EDFT1,interconnector,4969,0.6530000000000001,51.46000000000001,south,south,south,south,north
IBG-EDMK1,interconnector,4969,0.6530000000000001,51.46000000000001,south,south,south,south,north
IBG-EGLE1,interconnector,4969,0.6530000000000001,51.46000000000001,south,south,south,south,north
IBG-ELEE1,interconnector,4969,0.6530000000000001,51.46000000000001,south,south,south,south,north
IBG-ELTR1,interconnector,4969,0.6530000000000001,51.46000000000001,south,south,south,south,north
IBG-ENEL1,interconnector,4969,0.6530000000000001,51.46000000000001,south,south,south,south,north
IBG-ENET1,interconnector,4969,0.6530000000000001,51.46000000000001,south,south,south,south,north
IBG-ENGM1,interconnector,4969,0.6530000000000001,51.46000000000001,south,south,south,south,north
IBG-ENSP1,interconnector,4969,0.6530000000000001,51.46000000000001,south,south,south,south,north
IBG-ENTC1,interconnector,4969,0.6530000000000001,51.46000000000001,south,south,south,south,north
IBG-EOET1,interconnector,4969,0.6530000000000001,51.46000000000001,south,south,south,south,north
IBG-EPCO1,interconnector,4969,0.6530000000000001,51.46000000000001,south,south,south,south,north
IBG-ERVA1,interconnector,4969,0.6530000000000001,51.46000000000001,south,south,south,south,north
IBG-EZCO1,interconnector,4969,0.6530000000000001,51.46000000000001,south,south,south,south,north
IBG-FPCD1,interconnector,4969,0.6530000000000001,51.46000000000001,south,south,south,south,north
IBG-GAZP1,interconnector,4969,0.6530000000000001,51.46000000000001,south,south,south,south,north
IBG-GLEN1,interconnector,4969,0.6530000000000001,51.46000000000001,south,south,south,south,north
IBG-HART1,interconnector,4969,0.6530000000000001,51.46000000000001,south,south,south,south,north
IBG-HELI1,interconnector,4969,0.6530000000000001,51.46000000000001,south,south,south,south,north
IBG-IBES1,interconnector,4969,0.6530000000000001,51.46000000000001,south,south,south,south,north
IBG-IDCE1,interconnector,4969,0.6530000000000001,51.46000000000001,south,south,south,south,north
IBG-INCM1,interconnector,4969,0.6530000000000001,51.46000000000001,south,south,south,south,north
IBG-KCST1,interconnector,4969,0.6530000000000001,51.46000000000001,south,south,south,south,north
IBG-LTFD1,interconnector,4969,0.6530000000000001,51.46000000000001,south,south,south,south,north
IBG-MCRA1,interconnector,4969,0.6530000000000001,51.46000000000001,south,south,south,south,north
IBG-MFTE1,interconnector,4969,0.6530000000000001,51.46000000000001,south,south,south,south,north
IBG-MONL1,interconnector,4969,0.6530000000000001,51.46000000000001,south,south,south,south,north
IBG-NEAS1,interconnector,4969,0.6530000000000001,51.46000000000001,south,south,south,south,north
IBG-NITR1,interconnector,4969,0.6530000000000001,51.46000000000001,south,south,south,south,north
IBG-NORL1,interconnector,4969,0.6530000000000001,51.46000000000001,south,south,south,south,north
IBG-NTPL1,interconnector,4969,0.6530000000000001,51.46000000000001,south,south,south,south,north
IBG-OMPX1,interconnector,4969,0.6530000000000001,51.46000000000001,south,south,south,south,north
IBG-OPMX1,interconnector,4969,0.6530000000000001,51.46000000000001,south,south,south,south,north
IBG-OUTL1,interconnector,4969,0.6530000000000001,51.46000000000001,south,south,south,south,north
IBG-PETC1,interconnector,4969,0.6530000000000001,51.46000000000001,south,south,south,south,north
IBG-PTRS1,interconnector,4969,0.6530000000000001,51.46000000000001,south,south,south,south,north
IBG-PWMR1,interconnector,4969,0.6530000000000001,51.46000000000001,south,south,south,south,north
IBG-PZEM1,interconnector,4969,0.6530000000000001,51.46000000000001,south,south,south,south,north
IBG-QUAR1,interconnector,4969,0.6530000000000001,51.46000000000001,south,south,south,south,north
IBG-QUEN1,interconnector,4969,0.6530000000000001,51.46000000000001,south,south,south,south,north
IBG-RESP1,interconnector,4969,0.6530000000000001,51.46000000000001,south,south,south,south,north
IBG-RWES1,interconnector,4969,0.6530000000000001,51.46000000000001,south,south,south,south,north
IBG-SETL1,interconnector,4969,0.6530000000000001,51.46000000000001,south,south,south,south,north
IBG-SSEG1,interconnector,4969,0.6530000000000001,51.46000000000001,south,south,south,south,north
IBG-STAT1,interconnector,4969,0.6530000000000001,51.46000000000001,south,south,south,south,north
IBG-TGPL1,interconnector,4969,0.6530000000000001,51.46000000000001,south,south,south,south,north
IBG-TRFD1,interconnector,4969,0.6530000000000001,51.46000000000001,south,south,south,south,north
IBG-TRFG1,interconnector,4969,0.6530000000000001,51.46000000000001,south,south,south,south,north
IBG-TRLS1,interconnector,4969,0.6530000000000001,51.46000000000001,south,south,south,south,north
IBG-VETR1,interconnector,4969,0.6530000000000001,51.46000000000001,south,south,south,south,north
IBG-VOLT1,interconnector,4969,0.6530000000000001,51.46000000000001,south,south,south,south,north
IBG-VSAL1,interconnector,4969,0.6530000000000001,51.46000000000001,south,south,south,south,north
IBG-XNON1,interconnector,4969,0.6530000000000001,51.46000000000001,south,south,south,south,north
IED-ELEC1,interconnector,5269,-0.0017444444444444,51.59477777777778,south,south,south,south,north
IED-EWIC1,interconnector,5269,-0.0017444444444444,51.59477777777778,south,south,south,south,north
IED-IFA2,interconnector,5269,-0.0017444444444444,51.59477777777778,south,south,south,south,north
IED-MOYL1,interconnector,5269,-0.0017444444444444,51.59477777777778,south,south,south,south,north
IED-VKL1,interconnector,5269,-0.0017444444444444,51.59477777777778,south,south,south,south,north
IEG-ELEC1,interconnector,5269,-0.0017444444444444,51.59477777777778,south,south,south,south,north
IEG-EWIC1,interconnector,5269,-0.0017444444444444,51.59477777777778,south,south,south,south,north
IEG-IFA2,interconnector,5269,-0.0017444444444444,51.59477777777778,south,south,south,south,north
IEG-MOYL1,interconnector,5269,-0.0017444444444444,51.59477777777778,south,south,south,south,north
IEG-VKL1,interconnector,5269,-0.0017444444444444,51.59477777777778,south,south,south,south,north
IFD-ACCE1,interconnector,4977,0.9734000000000004,51.105,south,south,south,south,south
IFD-ALEU1,interconnector,4977,0.9734000000000004,51.105,south,south,south,south,south
IFD-ALIP1,interconnector,4977,0.9734000000000004,51.105,south,south,south,south,south
IFD-ARON1,interconnector,4977,0.9734000000000004,51.105,south,south,south,south,south
IFD-BDEN1,interconnector,4977,0.9734000000000004,51.105,south,south,south,south,south
IFD-BKWE1,interconnector,4977,0.9734000000000004,51.105,south,south,south,south,south
IFD-BNPS1,interconnector,4977,0.9734000000000004,51.105,south,south,south,south,south
IFD-BPGE1,interconnector,4977,0.9734000000000004,51.105,south,south,south,south,south
IFD-CBST1,interconnector,4977,0.9734000000000004,51.105,south,south,south,south,south
IFD-CETL1,interconnector,4977,0.9734000000000004,51.105,south,south,south,south,south
IFD-CEZC1,interconnector,4977,0.9734000000000004,51.105,south,south,south,south,south
IFD-CGML1,interconnector,4977,0.9734000000000004,51.105,south,south,south,south,south
IFD-CNGS1,interconnector,4977,0.9734000000000004,51.105,south,south,south,south,south
IFD-CNRE1,interconnector,4977,0.9734000000000004,51.105,south,south,south,south,south
IFD-CONS1,interconnector,4977,0.9734000000000004,51.105,south,south,south,south,south
IFD-CONV1,interconnector,4977,0.9734000000000004,51.105,south,south,south,south,south
IFD-COPN1,interconnector,4977,0.9734000000000004,51.105,south,south,south,south,south
IFD-DARE1,interconnector,4977,0.9734000000000004,51.105,south,south,south,south,south
IFD-DMCC1,interconnector,4977,0.9734000000000004,51.105,south,south,south,south,south
IFD-DNGN1,interconnector,4977,0.9734000000000004,51.105,south,south,south,south,south
IFD-DSKC1,interconnector,4977,0.9734000000000004,51.105,south,south,south,south,south
IFD-DUEN1,interconnector,4977,0.9734000000000004,51.105,south,south,south,south,south
IFD-DUFE1,interconnector,4977,0.9734000000000004,51.105,south,south,south,south,south
IFD-DVAL1,interconnector,4977,0.9734000000000004,51.105,south,south,south,south,south
IFD-ECCA1,interconnector,4977,0.9734000000000004,51.105,south,south,south,south,south
IFD-EDFT1,interconnector,4977,0.9734000000000004,51.105,south,south,south,south,south
IFD-EDMK1,interconnector,4977,0.9734000000000004,51.105,south,south,south,south,south
IFD-EGLE1,interconnector,4977,0.9734000000000004,51.105,south,south,south,south,south
IFD-ELEE1,interconnector,4977,0.9734000000000004,51.105,south,south,south,south,south
IFD-ELTR1,interconnector,4977,0.9734000000000004,51.105,south,south,south,south,south
IFD-ENEL1,interconnector,4977,0.9734000000000004,51.105,south,south,south,south,south
IFD-ENET1,interconnector,4977,0.9734000000000004,51.105,south,south,south,south,south
IFD-ENKI1,interconnector,4977,0.9734000000000004,51.105,south,south,south,south,south
IFD-ENSC1,interconnector,4977,0.9734000000000004,51.105,south,south,south,south,south
IFD-ENSP1,interconnector,4977,0.9734000000000004,51.105,south,south,south,south,south
IFD-ENTC1,interconnector,4977,0.9734000000000004,51.105,south,south,south,south,south
IFD-ENVM1,interconnector,4977,0.9734000000000004,51.105,south,south,south,south,south
IFD-EOET1,interconnector,4977,0.9734000000000004,51.105,south,south,south,south,south
IFD-EPCO1,interconnector,4977,0.9734000000000004,51.105,south,south,south,south,south
IFD-ERVA1,interconnector,4977,0.9734000000000004,51.105,south,south,south,south,south
IFD-EZCO1,interconnector,4977,0.9734000000000004,51.105,south,south,south,south,south
IFD-FPCD1,interconnector,4977,0.9734000000000004,51.105,south,south,south,south,south
IFD-GASE1,interconnector,4977,0.9734000000000004,51.105,south,south,south,south,south
IFD-GAZP1,interconnector,4977,0.9734000000000004,51.105,south,south,south,south,south
IFD-GDFE1,interconnector,4977,0.9734000000000004,51.105,south,south,south,south,south
IFD-GLEN1,interconnector,4977,0.9734000000000004,51.105,south,south,south,south,south
IFD-GRMT1,interconnector,4977,0.9734000000000004,51.105,south,south,south,south,south
IFD-HART1,interconnector,4977,0.9734000000000004,51.105,south,south,south,south,south
IFD-HELI1,interconnector,4977,0.9734000000000004,51.105,south,south,south,south,south
IFD-IBES1,interconnector,4977,0.9734000000000004,51.105,south,south,south,south,south
IFD-INCM1,interconnector,4977,0.9734000000000004,51.105,south,south,south,south,south
IFD-KCST1,interconnector,4977,0.9734000000000004,51.105,south,south,south,south,south
IFD-LTFD1,interconnector,4977,0.9734000000000004,51.105,south,south,south,south,south
IFD-MCRA1,interconnector,4977,0.9734000000000004,51.105,south,south,south,south,south
IFD-MFTE1,interconnector,4977,0.9734000000000004,51.105,south,south,south,south,south
IFD-MQBN1,interconnector,4977,0.9734000000000004,51.105,south,south,south,south,south
IFD-NEAS1,interconnector,4977,0.9734000000000004,51.105,south,south,south,south,south
IFD-NEHO1,interconnector,4977,0.9734000000000004,51.105,south,south,south,south,south
IFD-NITR1,interconnector,4977,0.9734000000000004,51.105,south,south,south,south,south
IFD-NORL1,interconnector,4977,0.9734000000000004,51.105,south,south,south,south,south
IFD-NTPL1,interconnector,4977,0.9734000000000004,51.105,south,south,south,south,south
IFD-NVAL1,interconnector,4977,0.9734000000000004,51.105,south,south,south,south,south
IFD-OMPX1,interconnector,4977,0.9734000000000004,51.105,south,south,south,south,south
IFD-OPMX1,interconnector,4977,0.9734000000000004,51.105,south,south,south,south,south
IFD-OUTL1,interconnector,4977,0.9734000000000004,51.105,south,south,south,south,south
IFD-PLAN1,interconnector,4977,0.9734000000000004,51.105,south,south,south,south,south
IFD-PTRS1,interconnector,4977,0.9734000000000004,51.105,south,south,south,south,south
IFD-PWMR1,interconnector,4977,0.9734000000000004,51.105,south,south,south,south,south
IFD-QUAR1,interconnector,4977,0.9734000000000004,51.105,south,south,south,south,south
IFD-QUEN1,interconnector,4977,0.9734000000000004,51.105,south,south,south,south,south
IFD-RESP1,interconnector,4977,0.9734000000000004,51.105,south,south,south,south,south
IFD-RISQ1,interconnector,4977,0.9734000000000004,51.105,south,south,south,south,south
IFD-RWES1,interconnector,4977,0.9734000000000004,51.105,south,south,south,south,south
IFD-SETL1,interconnector,4977,0.9734000000000004,51.105,south,south,south,south,south
IFD-SSEG1,interconnector,4977,0.9734000000000004,51.105,south,south,south,south,south
IFD-STAT1,interconnector,4977,0.9734000000000004,51.105,south,south,south,south,south
IFD-TFEE1,interconnector,4977,0.9734000000000004,51.105,south,south,south,south,south
IFD-TRFD1,interconnector,4977,0.9734000000000004,51.105,south,south,south,south,south
IFD-TRFG1,interconnector,4977,0.9734000000000004,51.105,south,south,south,south,south
IFD-TRLS1,interconnector,4977,0.9734000000000004,51.105,south,south,south,south,south
IFD-VOLT1,interconnector,4977,0.9734000000000004,51.105,south,south,south,south,south
IFD-VSAL1,interconnector,4977,0.9734000000000004,51.105,south,south,south,south,south
IFD-VTFS1,interconnector,4977,0.9734000000000004,51.105,south,south,south,south,south
IFD-XNON1,interconnector,4977,0.9734000000000004,51.105,south,south,south,south,south
IFG-ACCE1,interconnector,4977,0.9734000000000004,51.105,south,south,south,south,south
IFG-ALEU1,interconnector,4977,0.9734000000000004,51.105,south,south,south,south,south
IFG-ALIP1,interconnector,4977,0.9734000000000004,51.105,south,south,south,south,south
IFG-ARON1,interconnector,4977,0.9734000000000004,51.105,south,south,south,south,south
IFG-BDEN1,interconnector,4977,0.9734000000000004,51.105,south,south,south,south,south
IFG-BKWE1,interconnector,4977,0.9734000000000004,51.105,south,south,south,south,south
IFG-BNPS1,interconnector,4977,0.9734000000000004,51.105,south,south,south,south,south
IFG-BPGE1,interconnector,4977,0.9734000000000004,51.105,south,south,south,south,south
IFG-CBST1,interconnector,4977,0.9734000000000004,51.105,south,south,south,south,south
IFG-CETL1,interconnector,4977,0.9734000000000004,51.105,south,south,south,south,south
IFG-CEZC1,interconnector,4977,0.9734000000000004,51.105,south,south,south,south,south
IFG-CGML1,interconnector,4977,0.9734000000000004,51.105,south,south,south,south,south
IFG-CNGS1,interconnector,4977,0.9734000000000004,51.105,south,south,south,south,south
IFG-CNRE1,interconnector,4977,0.9734000000000004,51.105,south,south,south,south,south
IFG-CONS1,interconnector,4977,0.9734000000000004,51.105,south,south,south,south,south
IFG-CONV1,interconnector,4977,0.9734000000000004,51.105,south,south,south,south,south
IFG-COPN1,interconnector,4977,0.9734000000000004,51.105,south,south,south,south,south
IFG-DARE1,interconnector,4977,0.9734000000000004,51.105,south,south,south,south,south
IFG-DMCC1,interconnector,4977,0.9734000000000004,51.105,south,south,south,south,south
IFG-DNGN1,interconnector,4977,0.9734000000000004,51.105,south,south,south,south,south
IFG-DSKC1,interconnector,4977,0.9734000000000004,51.105,south,south,south,south,south
IFG-DUEN1,interconnector,4977,0.9734000000000004,51.105,south,south,south,south,south
IFG-DUFE1,interconnector,4977,0.9734000000000004,51.105,south,south,south,south,south
IFG-DVAL1,interconnector,4977,0.9734000000000004,51.105,south,south,south,south,south
IFG-ECCA1,interconnector,4977,0.9734000000000004,51.105,south,south,south,south,south
IFG-EDFT1,interconnector,4977,0.9734000000000004,51.105,south,south,south,south,south
IFG-EDMK1,interconnector,4977,0.9734000000000004,51.105,south,south,south,south,south
IFG-EGLE1,interconnector,4977,0.9734000000000004,51.105,south,south,south,south,south
IFG-ELEE1,interconnector,4977,0.9734000000000004,51.105,south,south,south,south,south
IFG-ELTR1,interconnector,4977,0.9734000000000004,51.105,south,south,south,south,south
IFG-ENEL1,interconnector,4977,0.9734000000000004,51.105,south,south,south,south,south
IFG-ENET1,interconnector,4977,0.9734000000000004,51.105,south,south,south,south,south
IFG-ENKI1,interconnector,4977,0.9734000000000004,51.105,south,south,south,south,south
IFG-ENSC1,interconnector,4977,0.9734000000000004,51.105,south,south,south,south,south
IFG-ENSP1,interconnector,4977,0.9734000000000004,51.105,south,south,south,south,south
IFG-ENTC1,interconnector,4977,0.9734000000000004,51.105,south,south,south,south,south
IFG-ENVM1,interconnector,4977,0.9734000000000004,51.105,south,south,south,south,south
IFG-EOET1,interconnector,4977,0.9734000000000004,51.105,south,south,south,south,south
IFG-EPCO1,interconnector,4977,0.9734000000000004,51.105,south,south,south,south,south
IFG-ERVA1,interconnector,4977,0.9734000000000004,51.105,south,south,south,south,south
IFG-EZCO1,interconnector,4977,0.9734000000000004,51.105,south,south,south,south,south
IFG-FPCD1,interconnector,4977,0.9734000000000004,51.105,south,south,south,south,south
IFG-GASE1,interconnector,4977,0.9734000000000004,51.105,south,south,south,south,south
IFG-GAZP1,interconnector,4977,0.9734000000000004,51.105,south,south,south,south,south
IFG-GDFE1,interconnector,4977,0.9734000000000004,51.105,south,south,south,south,south
IFG-GLEN1,interconnector,4977,0.9734000000000004,51.105,south,south,south,south,south
IFG-GRMT1,interconnector,4977,0.9734000000000004,51.105,south,south,south,south,south
IFG-HART1,interconnector,4977,0.9734000000000004,51.105,south,south,south,south,south
IFG-HELI1,interconnector,4977,0.9734000000000004,51.105,south,south,south,south,south
IFG-IBES1,interconnector,4977,0.9734000000000004,51.105,south,south,south,south,south
IFG-INCM1,interconnector,4977,0.9734000000000004,51.105,south,south,south,south,south
IFG-KCST1,interconnector,4977,0.9734000000000004,51.105,south,south,south,south,south
IFG-LTFD1,interconnector,4977,0.9734000000000004,51.105,south,south,south,south,south
IFG-MCRA1,interconnector,4977,0.9734000000000004,51.105,south,south,south,south,south
IFG-MFTE1,interconnector,4977,0.9734000000000004,51.105,south,south,south,south,south
IFG-MQBN1,interconnector,4977,0.9734000000000004,51.105,south,south,south,south,south
IFG-NEAS1,interconnector,4977,0.9734000000000004,51.105,south,south,south,south,south
IFG-NEHO1,interconnector,4977,0.9734000000000004,51.105,south,south,south,south,south
IFG-NITR1,interconnector,4977,0.9734000000000004,51.105,south,south,south,south,south
IFG-NORL1,interconnector,4977,0.9734000000000004,51.105,south,south,south,south,south
IFG-NTPL1,interconnector,4977,0.9734000000000004,51.105,south,south,south,south,south
IFG-NVAL1,interconnector,4977,0.9734000000000004,51.105,south,south,south,south,south
IFG-OMPX1,interconnector,4977,0.9734000000000004,51.105,south,south,south,south,south
IFG-OPMX1,interconnector,4977,0.9734000000000004,51.105,south,south,south,south,south
IFG-OUTL1,interconnector,4977,0.9734000000000004,51.105,south,south,south,south,south
IFG-PLAN1,interconnector,4977,0.9734000000000004,51.105,south,south,south,south,south
IFG-PTRS1,interconnector,4977,0.9734000000000004,51.105,south,south,south,south,south
IFG-PWMR1,interconnector,4977,0.9734000000000004,51.105,south,south,south,south,south
IFG-QUAR1,interconnector,4977,0.9734000000000004,51.105,south,south,south,south,south
IFG-QUEN1,interconnector,4977,0.9734000000000004,51.105,south,south,south,south,south
IFG-RESP1,interconnector,4977,0.9734000000000004,51.105,south,south,south,south,south
IFG-RISQ1,interconnector,4977,0.9734000000000004,51.105,south,south,south,south,south
IFG-RWES1,interconnector,4977,0.9734000000000004,51.105,south,south,south,south,south
IFG-SETL1,interconnector,4977,0.9734000000000004,51.105,south,south,south,south,south
IFG-SSEG1,interconnector,4977,0.9734000000000004,51.105,south,south,south,south,south
IFG-STAT1,interconnector,4977,0.9734000000000004,51.105,south,south,south,south,south
IFG-TFEE1,interconnector,4977,0.9734000000000004,51.105,south,south,south,south,south
IFG-TRFD1,interconnector,4977,0.9734000000000004,51.105,south,south,south,south,south
IFG-TRFG1,interconnector,4977,0.9734000000000004,51.105,south,south,south,south,south
IFG-TRLS1,interconnector,4977,0.9734000000000004,51.105,south,south,south,south,south
IFG-VOLT1,interconnector,4977,0.9734000000000004,51.105,south,south,south,south,south
IFG-VSAL1,interconnector,4977,0.9734000000000004,51.105,south,south,south,south,south
IFG-VTFS1,interconnector,4977,0.9734000000000004,51.105,south,south,south,south,south
IFG-XNON1,interconnector,4977,0.9734000000000004,51.105,south,south,south,south,south
ILD-ARON1,interconnector,5269,-0.0017444444444444,51.59477777777778,south,south,south,south,north
ILD-BKWE1,interconnector,5269,-0.0017444444444444,51.59477777777778,south,south,south,south,north
ILD-BPGM1,interconnector,5269,-0.0017444444444444,51.59477777777778,south,south,south,south,north
ILD-CBST1,interconnector,5269,-0.0017444444444444,51.59477777777778,south,south,south,south,north
ILD-CENT1,interconnector,5269,-0.0017444444444444,51.59477777777778,south,south,south,south,north
ILD-CETL1,interconnector,5269,-0.0017444444444444,51.59477777777778,south,south,south,south,north
ILD-CEZC1,interconnector,5269,-0.0017444444444444,51.59477777777778,south,south,south,south,north
ILD-CONS1,interconnector,5269,-0.0017444444444444,51.59477777777778,south,south,south,south,north
ILD-COPN1,interconnector,5269,-0.0017444444444444,51.59477777777778,south,south,south,south,north
ILD-DARE1,interconnector,5269,-0.0017444444444444,51.59477777777778,south,south,south,south,north
ILD-DMCC1,interconnector,5269,-0.0017444444444444,51.59477777777778,south,south,south,south,north
ILD-DSKC1,interconnector,5269,-0.0017444444444444,51.59477777777778,south,south,south,south,north
ILD-DUEN1,interconnector,5269,-0.0017444444444444,51.59477777777778,south,south,south,south,north
ILD-DUFE1,interconnector,5269,-0.0017444444444444,51.59477777777778,south,south,south,south,north
ILD-DVAL1,interconnector,5269,-0.0017444444444444,51.59477777777778,south,south,south,south,north
ILD-EDFT1,interconnector,5269,-0.0017444444444444,51.59477777777778,south,south,south,south,north
ILD-EDMK1,interconnector,5269,-0.0017444444444444,51.59477777777778,south,south,south,south,north
ILD-ELTR1,interconnector,5269,-0.0017444444444444,51.59477777777778,south,south,south,south,north
ILD-ENGM1,interconnector,5269,-0.0017444444444444,51.59477777777778,south,south,south,south,north
ILD-ENSC1,interconnector,5269,-0.0017444444444444,51.59477777777778,south,south,south,south,north
ILD-ENTC1,interconnector,5269,-0.0017444444444444,51.59477777777778,south,south,south,south,north
ILD-EPCO1,interconnector,5269,-0.0017444444444444,51.59477777777778,south,south,south,south,north
ILD-GLEN1,interconnector,5269,-0.0017444444444444,51.59477777777778,south,south,south,south,north
ILD-HART1,interconnector,5269,-0.0017444444444444,51.59477777777778,south,south,south,south,north
ILD-INCM1,interconnector,5269,-0.0017444444444444,51.59477777777778,south,south,south,south,north
ILD-MCRA1,interconnector,5269,-0.0017444444444444,51.59477777777778,south,south,south,south,north
ILD-MFTE1,interconnector,5269,-0.0017444444444444,51.59477777777778,south,south,south,south,north
ILD-NEAS1,interconnector,5269,-0.0017444444444444,51.59477777777778,south,south,south,south,north
ILD-NEHO1,interconnector,5269,-0.0017444444444444,51.59477777777778,south,south,south,south,north
ILD-NITR1,interconnector,5269,-0.0017444444444444,51.59477777777778,south,south,south,south,north
ILD-NORL1,interconnector,5269,-0.0017444444444444,51.59477777777778,south,south,south,south,north
ILD-NTPL1,interconnector,5269,-0.0017444444444444,51.59477777777778,south,south,south,south,north
ILD-NWAT1,interconnector,5269,-0.0017444444444444,51.59477777777778,south,south,south,south,north
ILD-OPMX1,interconnector,5269,-0.0017444444444444,51.59477777777778,south,south,south,south,north
ILD-OUTL1,interconnector,5269,-0.0017444444444444,51.59477777777778,south,south,south,south,north
ILD-PREP1,interconnector,5269,-0.0017444444444444,51.59477777777778,south,south,south,south,north
ILD-PWMR1,interconnector,5269,-0.0017444444444444,51.59477777777778,south,south,south,south,north
ILD-QUAR1,interconnector,5269,-0.0017444444444444,51.59477777777778,south,south,south,south,north
ILD-RESP1,interconnector,5269,-0.0017444444444444,51.59477777777778,south,south,south,south,north
ILD-RISQ1,interconnector,5269,-0.0017444444444444,51.59477777777778,south,south,south,south,north
ILD-RWES1,interconnector,5269,-0.0017444444444444,51.59477777777778,south,south,south,south,north
ILD-SEFE1,interconnector,5269,-0.0017444444444444,51.59477777777778,south,south,south,south,north
ILD-SETL1,interconnector,5269,-0.0017444444444444,51.59477777777778,south,south,south,south,north
ILD-TGPL1,interconnector,5269,-0.0017444444444444,51.59477777777778,south,south,south,south,north
ILD-TRFD1,interconnector,5269,-0.0017444444444444,51.59477777777778,south,south,south,south,north
ILD-TRFG1,interconnector,5269,-0.0017444444444444,51.59477777777778,south,south,south,south,north
ILD-TRLS1,interconnector,5269,-0.0017444444444444,51.59477777777778,south,south,south,south,north
ILD-VOLT1,interconnector,5269,-0.0017444444444444,51.59477777777778,south,south,south,south,north
ILD-VSAL1,interconnector,5269,-0.0017444444444444,51.59477777777778,south,south,south,south,north
ILD-VTFS1,interconnector,5269,-0.0017444444444444,51.59477777777778,south,south,south,south,north
ILD-XNON1,interconnector,5269,-0.0017444444444444,51.59477777777778,south,south,south,south,north
ILG-ARON1,interconnector,5269,-0.0017444444444444,51.59477777777778,south,south,south,south,north
ILG-BKWE1,interconnector,5269,-0.0017444444444444,51.59477777777778,south,south,south,south,north
ILG-BPGM1,interconnector,5269,-0.0017444444444444,51.59477777777778,south,south,south,south,north
ILG-CBST1,interconnector,5269,-0.0017444444444444,51.59477777777778,south,south,south,south,north
ILG-CENT1,interconnector,5269,-0.0017444444444444,51.59477777777778,south,south,south,south,north
ILG-CETL1,interconnector,5269,-0.0017444444444444,51.59477777777778,south,south,south,south,north
ILG-CEZC1,interconnector,5269,-0.0017444444444444,51.59477777777778,south,south,south,south,north
ILG-CONS1,interconnector,5269,-0.0017444444444444,51.59477777777778,south,south,south,south,north
ILG-COPN1,interconnector,5269,-0.0017444444444444,51.59477777777778,south,south,south,south,north
ILG-DARE1,interconnector,5269,-0.0017444444444444,51.59477777777778,south,south,south,south,north
ILG-DMCC1,interconnector,5269,-0.0017444444444444,51.59477777777778,south,south,south,south,north
ILG-DSKC1,interconnector,5269,-0.0017444444444444,51.59477777777778,south,south,south,south,north
ILG-DUEN1,interconnector,5269,-0.0017444444444444,51.59477777777778,south,south,south,south,north
ILG-DUFE1,interconnector,5269,-0.0017444444444444,51.59477777777778,south,south,south,south,north
ILG-DVAL1,interconnector,5269,-0.0017444444444444,51.59477777777778,south,south,south,south,north
ILG-EDFT1,interconnector,5269,-0.0017444444444444,51.59477777777778,south,south,south,south,north
ILG-EDMK1,interconnector,5269,-0.0017444444444444,51.59477777777778,south,south,south,south,north
ILG-ELTR1,interconnector,5269,-0.0017444444444444,51.59477777777778,south,south,south,south,north
ILG-ENGM1,interconnector,5269,-0.0017444444444444,51.59477777777778,south,south,south,south,north
ILG-ENSC1,interconnector,5269,-0.0017444444444444,51.59477777777778,south,south,south,south,north
ILG-ENTC1,interconnector,5269,-0.0017444444444444,51.59477777777778,south,south,south,south,north
ILG-EPCO1,interconnector,5269,-0.0017444444444444,51.59477777777778,south,south,south,south,north
ILG-EZCO1,interconnector,5269,-0.0017444444444444,51.59477777777778,south,south,south,south,north
ILG-GLEN1,interconnector,5269,-0.0017444444444444,51.59477777777778,south,south,south,south,north
ILG-HART1,interconnector,5269,-0.0017444444444444,51.59477777777778,south,south,south,south,north
ILG-HELI1,interconnector,5269,-0.0017444444444444,51.59477777777778,south,south,south,south,north
ILG-INCM1,interconnector,5269,-0.0017444444444444,51.59477777777778,south,south,south,south,north
ILG-MCRA1,interconnector,5269,-0.0017444444444444,51.59477777777778,south,south,south,south,north
ILG-MFTE1,interconnector,5269,-0.0017444444444444,51.59477777777778,south,south,south,south,north
ILG-NEAS1,interconnector,5269,-0.0017444444444444,51.59477777777778,south,south,south,south,north
ILG-NEHO1,interconnector,5269,-0.0017444444444444,51.59477777777778,south,south,south,south,north
ILG-NITR1,interconnector,5269,-0.0017444444444444,51.59477777777778,south,south,south,south,north
ILG-NORL1,interconnector,5269,-0.0017444444444444,51.59477777777778,south,south,south,south,north
ILG-NTPL1,interconnector,5269,-0.0017444444444444,51.59477777777778,south,south,south,south,north
ILG-NWAT1,interconnector,5269,-0.0017444444444444,51.59477777777778,south,south,south,south,north
ILG-OPMX1,interconnector,5269,-0.0017444444444444,51.59477777777778,south,south,south,south,north
ILG-OUTL1,interconnector,5269,-0.0017444444444444,51.59477777777778,south,south,south,south,north
ILG-PREP1,interconnector,5269,-0.0017444444444444,51.59477777777778,south,south,south,south,north
ILG-PWMR1,interconnector,5269,-0.0017444444444444,51.59477777777778,south,south,south,south,north
ILG-QUAR1,interconnector,5269,-0.0017444444444444,51.59477777777778,south,south,south,south,north
ILG-RESP1,interconnector,5269,-0.0017444444444444,51.59477777777778,south,south,south,south,north
ILG-RISQ1,interconnector,5269,-0.0017444444444444,51.59477777777778,south,south,south,south,north
ILG-RWES1,interconnector,5269,-0.0017444444444444,51.59477777777778,south,south,south,south,north
ILG-SEFE1,interconnector,5269,-0.0017444444444444,51.59477777777778,south,south,south,south,north
ILG-SETL1,interconnector,5269,-0.0017444444444444,51.59477777777778,south,south,south,south,north
ILG-TGPL1,interconnector,5269,-0.0017444444444444,51.59477777777778,south,south,south,south,north
ILG-TRFD1,interconnector,5269,-0.0017444444444444,51.59477777777778,south,south,south,south,north
ILG-TRFG1,interconnector,5269,-0.0017444444444444,51.59477777777778,south,south,south,south,north
ILG-TRLS1,interconnector,5269,-0.0017444444444444,51.59477777777778,south,south,south,south,north
ILG-VOLT1,interconnector,5269,-0.0017444444444444,51.59477777777778,south,south,south,south,north
ILG-VSAL1,interconnector,5269,-0.0017444444444444,51.59477777777778,south,south,south,south,north
ILG-VTFS1,interconnector,5269,-0.0017444444444444,51.59477777777778,south,south,south,south,north
ILG-XNON1,interconnector,5269,-0.0017444444444444,51.59477777777778,south,south,south,south,north
ING-ALIP1,interconnector,4955,0.8645384615384615,51.808076923076925,south,south,south,south,north
ING-ALPE1,interconnector,4955,0.8645384615384615,51.808076923076925,south,south,south,south,north
ING-ARON1,interconnector,4955,0.8645384615384615,51.808076923076925,south,south,south,south,north
ING-AXPO1,interconnector,4955,0.8645384615384615,51.808076923076925,south,south,south,south,north
ING-BDEN1,interconnector,4955,0.8645384615384615,51.808076923076925,south,south,south,south,north
ING-BKWE1,interconnector,4955,0.8645384615384615,51.808076923076925,south,south,south,south,north
ING-BPGM1,interconnector,4955,0.8645384615384615,51.808076923076925,south,south,south,south,north
ING-CBST1,interconnector,4955,0.8645384615384615,51.808076923076925,south,south,south,south,north
ING-CENT1,interconnector,4955,0.8645384615384615,51.808076923076925,south,south,south,south,north
ING-CEZC1,interconnector,4955,0.8645384615384615,51.808076923076925,south,south,south,south,north
ING-CNGS1,interconnector,4955,0.8645384615384615,51.808076923076925,south,south,south,south,north
ING-CONS1,interconnector,4955,0.8645384615384615,51.808076923076925,south,south,south,south,north
ING-CONV1,interconnector,4955,0.8645384615384615,51.808076923076925,south,south,south,south,north
ING-COPN1,interconnector,4955,0.8645384615384615,51.808076923076925,south,south,south,south,north
ING-DARE1,interconnector,4955,0.8645384615384615,51.808076923076925,south,south,south,south,north
ING-DMCC1,interconnector,4955,0.8645384615384615,51.808076923076925,south,south,south,south,north
ING-DSKC1,interconnector,4955,0.8645384615384615,51.808076923076925,south,south,south,south,north
ING-DUFE1,interconnector,4955,0.8645384615384615,51.808076923076925,south,south,south,south,north
ING-DVAL1,interconnector,4955,0.8645384615384615,51.808076923076925,south,south,south,south,north
ING-EDFT1,interconnector,4955,0.8645384615384615,51.808076923076925,south,south,south,south,north
ING-EDMK1,interconnector,4955,0.8645384615384615,51.808076923076925,south,south,south,south,north
ING-ELEE1,interconnector,4955,0.8645384615384615,51.808076923076925,south,south,south,south,north
ING-ELTR1,interconnector,4955,0.8645384615384615,51.808076923076925,south,south,south,south,north
ING-ENET1,interconnector,4955,0.8645384615384615,51.808076923076925,south,south,south,south,north
ING-ENTC1,interconnector,4955,0.8645384615384615,51.808076923076925,south,south,south,south,north
ING-EPCO1,interconnector,4955,0.8645384615384615,51.808076923076925,south,south,south,south,north
ING-GASE1,interconnector,4955,0.8645384615384615,51.808076923076925,south,south,south,south,north
ING-GAZP1,interconnector,4955,0.8645384615384615,51.808076923076925,south,south,south,south,north
ING-GLEN1,interconnector,4955,0.8645384615384615,51.808076923076925,south,south,south,south,north
ING-HELI1,interconnector,4955,0.8645384615384615,51.808076923076925,south,south,south,south,north
ING-IDCE1,interconnector,4955,0.8645384615384615,51.808076923076925,south,south,south,south,north
ING-INCM1,interconnector,4955,0.8645384615384615,51.808076923076925,south,south,south,south,north
ING-KCST1,interconnector,4955,0.8645384615384615,51.808076923076925,south,south,south,south,north
ING-LMUS1,interconnector,4955,0.8645384615384615,51.808076923076925,south,south,south,south,north
ING-MCRA1,interconnector,4955,0.8645384615384615,51.808076923076925,south,south,south,south,north
ING-MFTE1,interconnector,4955,0.8645384615384615,51.808076923076925,south,south,south,south,north
ING-NEAS1,interconnector,4955,0.8645384615384615,51.808076923076925,south,south,south,south,north
ING-NEHO1,interconnector,4955,0.8645384615384615,51.808076923076925,south,south,south,south,north
ING-NEMO1,interconnector,4955,0.8645384615384615,51.808076923076925,south,south,south,south,north
ING-NITR1,interconnector,4955,0.8645384615384615,51.808076923076925,south,south,south,south,north
ING-NORL1,interconnector,4955,0.8645384615384615,51.808076923076925,south,south,south,south,north
ING-NTPL1,interconnector,4955,0.8645384615384615,51.808076923076925,south,south,south,south,north
ING-OMPX1,interconnector,4955,0.8645384615384615,51.808076923076925,south,south,south,south,north
ING-OPMX1,interconnector,4955,0.8645384615384615,51.808076923076925,south,south,south,south,north
ING-OUTL1,interconnector,4955,0.8645384615384615,51.808076923076925,south,south,south,south,north
ING-PWMR1,interconnector,4955,0.8645384615384615,51.808076923076925,south,south,south,south,north
ING-QUEN1,interconnector,4955,0.8645384615384615,51.808076923076925,south,south,south,south,north
ING-RESP1,interconnector,4955,0.8645384615384615,51.808076923076925,south,south,south,south,north
ING-RISQ1,interconnector,4955,0.8645384615384615,51.808076923076925,south,south,south,south,north
ING-RWES1,interconnector,4955,0.8645384615384615,51.808076923076925,south,south,south,south,north
ING-SETL1,interconnector,4955,0.8645384615384615,51.808076923076925,south,south,south,south,north
ING-SSEG1,interconnector,4955,0.8645384615384615,51.808076923076925,south,south,south,south,north
ING-STAT1,interconnector,4955,0.8645384615384615,51.808076923076925,south,south,south,south,north
ING-TGPL1,interconnector,4955,0.8645384615384615,51.808076923076925,south,south,south,south,north
ING-TRFD1,interconnector,4955,0.8645384615384615,51.808076923076925,south,south,south,south,north
ING-TRFG1,interconnector,4955,0.8645384615384615,51.808076923076925,south,south,south,south,north
ING-TRLS1,interconnector,4955,0.8645384615384615,51.808076923076925,south,south,south,south,north
ING-VOLT1,interconnector,4955,0.8645384615384615,51.808076923076925,south,south,south,south,north
ING-VSAL1,interconnector,4955,0.8645384615384615,51.808076923076925,south,south,south,south,north
ING-VTET1,interconnector,4955,0.8645384615384615,51.808076923076925,south,south,south,south,north
ING-XNON1,interconnector,4955,0.8645384615384615,51.808076923076925,south,south,south,south,north
ISD-DMCC1,interconnector,5950,-1.521,55.144,south,south,north,north,north
ISD-NDPL1,interconnector,5950,-1.521,55.144,south,south,north,north,north
ISG-DMCC1,interconnector,5950,-1.521,55.144,south,south,north,north,north
ISG-NDPL1,interconnector,5950,-1.521,55.144,south,south,north,north,north
IVD-ALIP1,interconnector,7909,-0.221,52.931,south,south,south,north,north
IVD-BDEN1,interconnector,7909,-0.221,52.931,south,south,south,north,north
IVD-CACM1,interconnector,7909,-0.221,52.931,south,south,south,north,north
IVD-COPN1,interconnector,7909,-0.221,52.931,south,south,south,north,north
IVD-DSKC1,interconnector,7909,-0.221,52.931,south,south,south,north,north
IVD-DVAL1,interconnector,7909,-0.221,52.931,south,south,south,north,north
IVD-EDMK1,interconnector,7909,-0.221,52.931,south,south,south,north,north
IVD-EENG1,interconnector,7909,-0.221,52.931,south,south,south,north,north
IVD-ELTR1,interconnector,7909,-0.221,52.931,south,south,south,north,north
IVD-ENSC1,interconnector,7909,-0.221,52.931,south,south,south,north,north
IVD-EZCO1,interconnector,7909,-0.221,52.931,south,south,south,north,north
IVD-HART1,interconnector,7909,-0.221,52.931,south,south,south,north,north
IVD-INCM1,interconnector,7909,-0.221,52.931,south,south,south,north,north
IVD-MFTE1,interconnector,7909,-0.221,52.931,south,south,south,north,north
IVD-NEAS1,interconnector,7909,-0.221,52.931,south,south,south,north,north
IVD-NEHO1,interconnector,7909,-0.221,52.931,south,south,south,north,north
IVD-NITR1,interconnector,7909,-0.221,52.931,south,south,south,north,north
IVD-NORL1,interconnector,7909,-0.221,52.931,south,south,south,north,north
IVD-NTPL1,interconnector,7909,-0.221,52.931,south,south,south,north,north
IVD-OPMX1,interconnector,7909,-0.221,52.931,south,south,south,north,north
IVD-PWMR1,interconnector,7909,-0.221,52.931,south,south,south,north,north
IVD-QUEN1,interconnector,7909,-0.221,52.931,south,south,south,north,north
IVD-RESP1,interconnector,7909,-0.221,52.931,south,south,south,north,north
IVD-RWES1,interconnector,7909,-0.221,52.931,south,south,south,north,north
IVD-TGPL1,interconnector,7909,-0.221,52.931,south,south,south,north,north
IVD-TRLS1,interconnector,7909,-0.221,52.931,south,south,south,north,north
IVD-VSAL1,interconnector,7909,-0.221,52.931,south,south,south,north,north
IVD-VTFS1,interconnector,7909,-0.221,52.931,south,south,south,north,north
IVG-ALIP1,interconnector,7909,-0.221,52.931,south,south,south,north,north
IVG-BDEN1,interconnector,7909,-0.221,52.931,south,south,south,north,north
IVG-CACM1,interconnector,7909,-0.221,52.931,south,south,south,north,north
IVG-COPN1,interconnector,7909,-0.221,52.931,south,south,south,north,north
IVG-DSKC1,interconnector,7909,-0.221,52.931,south,south,south,north,north
IVG-DVAL1,interconnector,7909,-0.221,52.931,south,south,south,north,north
IVG-EDMK1,interconnector,7909,-0.221,52.931,south,south,south,north,north
IVG-EENG1,interconnector,7909,-0.221,52.931,south,south,south,north,north
IVG-ELTR1,interconnector,7909,-0.221,52.931,south,south,south,north,north
IVG-ENSC1,interconnector,7909,-0.221,52.931,south,south,south,north,north
IVG-EZCO1,interconnector,7909,-0.221,52.931,south,south,south,north,north
IVG-HART1,interconnector,7909,-0.221,52.931,south,south,south,north,north
IVG-INCM1,interconnector,7909,-0.221,52.931,south,south,south,north,north
IVG-MFTE1,interconnector,7909,-0.221,52.931,south,south,south,north,north
IVG-NEAS1,interconnector,7909,-0.221,52.931,south,south,south,north,north
IVG-NEHO1,interconnector,7909,-0.221,52.931,south,south,south,north,north
IVG-NITR1,interconnector,7909,-0.221,52.931,south,south,south,north,north
IVG-NORL1,interconnector,7909,-0.221,52.931,south,south,south,north,north
IVG-NTPL1,interconnector,7909,-0.221,52.931,south,south,south,north,north
IVG-OPMX1,interconnector,7909,-0.221,52.931,south,south,south,north,north
IVG-PWMR1,interconnector,7909,-0.221,52.931,south,south,south,north,north
IVG-QUEN1,interconnector,7909,-0.221,52.931,south,south,south,north,north
IVG-RESP1,interconnector,7909,-0.221,52.931,south,south,south,north,north
IVG-RWES1,interconnector,7909,-0.221,52.931,south,south,south,north,north
IVG-TGPL1,interconnector,7909,-0.221,52.931,south,south,south,north,north
IVG-TRLS1,interconnector,7909,-0.221,52.931,south,south,south,north,north
IVG-VSAL1,interconnector,7909,-0.221,52.931,south,south,south,north,north
IVG-VTFS1,interconnector,7909,-0.221,52.931,south,south,south,north,north
CAS-BEU01,cascade,6438,-4.552586,57.444705,north,north,north,north,north
CAS-CLU01,cascade,6460,-3.778355,56.716948,south,north,north,north,north
CAS-CON01,cascade,6437,-4.830066,57.619203,north,north,north,north,north
CAS-GAR01,cascade,6437,-5.289194,57.066143,north,north,north,north,north
CAS-KIL01,cascade,8019,-4.307751,56.470679,south,north,north,north,north
CAS-MOR01,cascade,6437,-4.962463,57.144936,north,north,north,north,north
SLOY-1,hydro,6454,-4.735107,56.200593,south,north,north,north,north
SLOY-4,hydro,6454,-4.735107,56.200593,south,north,north,north,north
RHAMD-1,load,6029,-1.319,53.452,south,south,south,north,north
ACHRW-1,onwind,8520,-2.492993,55.923317,south,north,north,north,north
AFTOW-1,onwind,5905,-4.165,55.312,south,north,north,north,north
AKGLW-2,onwind,5893,-4.713441,54.970896,south,north,south,north,north
AKGLW-3,onwind,5893,-4.713441,54.970896,south,north,south,north,north
ANSUW-1,onwind,5899,-4.63623,55.14121,south,north,south,north,north
ARCHW-1,onwind,5893,-4.825652,55.222814,south,north,south,north,north
BEINW-1,onwind,6438,-4.42749,58.077876,north,north,north,north,north
BHLAW-1,onwind,5914,-4.033976,55.117955,south,north,south,north,north
BLKWW-1,onwind,5915,-3.482666,55.590763,south,north,north,north,north
BOWLW-1,offwind,5896,-5.537109,55.683779,south,north,north,north,north
BURWS-1,solar,4950,0.302,52.283,south,south,south,south,north
BUSTB-1,battery,6011,-2.02,52.549,south,south,south,north,north
CARR-1,fossil,5980,-2.504883,53.455349,south,south,south,north,north
CARR-2,fossil,5980,-2.504883,53.455349,south,south,south,north,north
CDCL-1,fossil,6045,-0.86792,53.219191,south,south,south,north,north
CGTHW-1,onwind,6440,-4.359638,57.190085,north,north,north,north,north
CNQPS-1,fossil,5939,-3.080651,53.231871,south,south,south,north,north
CNQPS-2,fossil,5939,-3.080651,53.231871,south,south,south,north,north
CNQPS-3,fossil,5939,-3.080651,53.231871,south,south,south,north,north
CNQPS-4,fossil,5939,-3.080651,53.231871,south,south,south,north,north
COUWW-1,onwind,5896,-5.484929,55.680679,south,north,north,north,north
COWB-1,battery,5234,-1.189058,51.709925,south,south,south,south,north
CREAW-1,onwind,6438,-4.504,58.21,north,north,north,north,north
CRGHW-1,onwind,6454,-4.790039,56.389584,south,north,north,north,north
CRMLW-1,onwind,6437,-4.838531,57.694245,north,north,north,north,north
CRUA-1,PHS,5931,-3.966064,53.080827,south,south,south,north,north
CRUA-2,PHS,5931,-3.966064,53.080827,south,south,south,north,north
CRUA-3,PHS,5931,-3.966064,53.080827,south,south,south,north,north
CRUA-4,PHS,5931,-3.966064,53.080827,south,south,south,north,north
CRYRW-2,onwind,6490,-2.39502,55.893796,south,north,north,north,north
CRYRW-3,onwind,6490,-2.39502,55.893796,south,north,north,north,north
CUMHW-1,onwind,5911,-3.991,55.567,south,north,north,north,north
DALQW-1,onwind,5911,-3.89,55.585,south,north,north,north,north
DAMC-1,fossil,4969,0.549316,51.460852,south,south,south,south,north
DIDCB5,fossil,5249,-1.26757,51.62363,south,south,south,south,north
DIDCB6,fossil,5249,-1.26757,51.62363,south,south,south,south,north
DINO-1,PHS,5931,-3.977051,53.008173,south,south,south,north,north
DINO-6,PHS,5931,-3.977051,53.008173,south,south,south,north,north
DNLWW-1,onwind,5943,-2.296143,55.776573,south,north,north,north,north
DOREW-1,onwind,6447,-2.795,57.448,north,north,north,north,north
DOREW-2,onwind,6447,-2.795,57.448,north,north,north,north,north
DOUGW-1,onwind,5911,-3.888,55.593,south,north,north,north,north
DRAXX-1,biomass,8021,-0.626221,53.748711,south,south,south,north,north
DRAXX-2,biomass,8021,-0.626221,53.748711,south,south,south,north,north
DRAXX-3,biomass,8021,-0.626221,53.748711,south,south,south,north,north
DRAXX-4,biomass,8021,-0.626221,53.748711,south,south,south,north,north
DRAXX-5,biomass,8021,-0.626221,53.748711,south,south,south,north,north
DRAXX-6,biomass,8021,-0.626221,53.748711,south,south,south,north,north
DRSLW-1,onwind,5905,-4.484173,55.311291,south,north,north,north,north
EECL-1,fossil,7286,-0.022763,51.662337,south,south,south,south,north
ERRO-1,hydro,6460,-3.790283,56.734649,south,north,north,north,north
ERRO-2,hydro,6460,-3.790283,56.734649,south,north,north,north,north
ERRO-3,hydro,6460,-3.790283,56.734649,south,north,north,north,north
EWHLW-1,onwind,5920,-3.205105,55.228662,south,north,north,north,north
FALGW-1,onwind,7471,-2.768555,55.936895,south,north,north,north,north
FAARW-1,onwind,6440,-4.094167,57.325,north,north,north,north,north
FAARW-2,onwind,6440,-4.094167,57.325,north,north,north,north,north
FASN-1,hydro,6437,-4.793703,57.325887,north,north,north,north,north
FASN2,hydro,6437,-4.793703,57.325887,north,north,north,north,north
FFES-1,PHS,6440,-4.361572,57.237449,north,north,north,north,north
FFES-3,PHS,6440,-4.361572,57.237449,north,north,north,north,north
FFES-4,PHS,6440,-4.361572,57.237449,north,north,north,north,north
FINL-1,hydro,6468,-3.614502,56.279961,south,north,north,north,north
FOYE-1,PHS,6452,-5.393722,56.34286,south,north,north,north,north
FOYE-2,PHS,6452,-5.393722,56.34286,south,north,north,north,north
FOYED-1,PHS,6438,-4.4835277777778,57.262111111111,north,north,north,north,north
GLNDO-1,hydro,6437,-5.174561,57.15412,north,north,north,north,north
GLNKW-1,onwind,6440,-4.241,57.25,north,north,north,north,north
GLWSW-1,onwind,5911,-3.921928,55.534273,south,north,north,north,north
GNAPW-1,onwind,5893,-5.026858,55.021378,south,north,south,north,north
GORDW-1,onwind,6441,-3.834229,58.066256,north,north,north,north,north
GORDW-2,onwind,6441,-3.834229,58.066256,north,north,north,north,north
GRAI1G,fossil,4972,0.70805555555556,51.443055555556,south,south,south,south,south
GRAI4G,fossil,4972,0.70805555555556,51.443055555556,south,south,south,south,south
GRIFW-1,onwind,8020,-3.394775,56.529199,south,north,north,north,north
GRIFW-2,onwind,8020,-3.394775,56.529199,south,north,north,north,north
GRMO-1,fossil,6482,-3.032227,55.930741,south,north,north,north,north
HALSW-1,onwind,6443,-3.425,58.456,north,north,north,north,north
HEYM11,nuclear,5201,-3.317871,51.138001,south,south,south,south,north
HEYM12,nuclear,5201,-3.317871,51.138001,south,south,south,south,north
HEYM2D-1,nuclear,5924,-2.91504,54.0273,south,south,south,north,north
HEYM27,nuclear,5201,-3.317871,51.138001,south,south,south,south,north
HEYM28,nuclear,5201,-3.317871,51.138001,south,south,south,south,north
HRSTW-1,onwind,5917,-3.636475,55.229023,south,north,north,north,north
HRTL-1,nuclear,5924,-2.916111111,54.02888889,south,south,south,north,north
HRTL-2,nuclear,5924,-2.916111111,54.02888889,south,south,south,north,north
HUMR-1,fossil,5981,-2.405816,53.165426,south,south,south,north,north
HUNBD-1,nuclear,5896,-4.89009,55.7221,south,north,north,north,north
INDQ-1,fossil,4969,0.602702,51.418947,south,south,south,south,south
KEAD-1,fossil,6038,-0.494385,53.585984,south,south,south,north,north
KEAD-2,fossil,7946,-0.7522,53.5952,south,south,south,north,north
KEADGT-3,fossil,6038,-0.494385,53.585984,south,south,south,north,north
KENNW-1,onwind,5911,-3.916,55.49,south,north,north,north,north
KILBW-1,onwind,6441,-4.0564,58.0395,north,north,north,north,north
KILLPG-1,fossil,6041,-0.25511,53.65952,south,south,south,north,north
KILLPG-2,fossil,6041,-0.25511,53.65952,south,south,south,north,north
KLGLW-1,onwind,5893,-4.76528,55.05,south,north,south,north,north
KPMRW-1,onwind,5907,-4.069,55.679,south,north,north,north,north
KTHLW-1,onwind,7471,-2.825456,55.817272,south,north,north,north,north
KYPEW-1,onwind,5907,-4.063,55.629,south,north,north,north,north
LAGA-1,fossil,5209,-3.966064,50.492463,south,south,south,south,north
LARKS-1,solar,5225,-2.477369,51.57851,south,south,south,south,north
LBAR-1,fossil,7454,-0.230713,52.22107,south,south,south,south,north
LBAR-1G,fossil,7454,-0.230713,52.22107,south,south,south,south,north
LCLTW-1,onwind,6438,-4.559326,57.73935,north,north,north,north,north
MEDP-1,fossil,4974,0.889893,51.378638,south,south,south,south,south
MIDMW-1,onwind,5914,-3.776,55.495,south,north,north,north,north
MILWW-1,onwind,6437,-4.866943,57.219608,north,north,north,north,north
MKHLW-1,onwind,5893,-4.822998,55.160043,south,north,south,north,north
MRWD-1,fossil,5253,-1.351318,50.903033,south,south,south,south,north
NANT-1,hydro,6452,-5.251465,56.163906,south,north,north,north,north
PEHE-1,fossil,6485,-1.867676,57.527622,north,north,north,north,north
PEHE-2,fossil,6485,-1.867676,57.527622,north,north,north,north,north
PEHED-1,fossil,6485,-1.78888,57.4772,north,north,north,north,north
PEMB-11,fossil,5183,-4.996378,51.684368,south,south,south,north,north
PEMB-21,fossil,5183,-4.996378,51.684368,south,south,south,north,north
PEMB-31,fossil,5183,-4.996378,51.684368,south,south,south,north,north
PEMB-41,fossil,5183,-4.996378,51.684368,south,south,south,north,north
PEMB-51,fossil,5183,-4.996378,51.684368,south,south,south,north,north
RATS-1,fossil,6049,-1.219482,52.855864,south,south,south,north,north
RATS-2,fossil,6049,-1.219482,52.855864,south,south,south,north,north
RATS-3,fossil,6049,-1.219482,52.855864,south,south,south,north,north
RATS-4,fossil,6049,-1.219482,52.855864,south,south,south,north,north
RATSGT-2,fossil,6049,-1.219482,52.855864,south,south,south,north,north
RATSGT-4,fossil,6049,-1.219482,52.855864,south,south,south,north,north
ROCK-1,fossil,5974,-2.592773,53.330873,south,south,south,north,north
RYHPS-1,fossil,5243,-0.285645,51.815407,south,south,south,south,north
SAKNW-1,onwind,5914,-4.025,55.346,south,north,north,north,north
SANQW-1,onwind,5914,-4.023363,55.322673,south,north,north,north,north
SCCL-1,fossil,6037,-0.131836,53.833081,south,south,south,north,north
SCCL-2,fossil,6037,-0.131836,53.833081,south,south,south,north,north
SCCL-3,fossil,6037,-0.131836,53.833081,south,south,south,north,north
SEAB-1,fossil,5224,-2.614746,51.481383,south,south,south,south,north
SEAB-2,fossil,5224,-2.614746,51.481383,south,south,south,south,north
SEEL-1,fossil,6053,-0.1321,52.8078,south,south,south,south,north
SIZB-1,nuclear,5943,-2.054443,55.813629,south,north,north,north,north
SIZB-2,nuclear,5943,-2.054443,55.813629,south,north,north,north,north
SLOY-2,hydro,6454,-4.735107,56.200593,south,north,north,north,north
SLOY-3,hydro,6454,-4.735107,56.200593,south,north,north,north,north
SPLN-1,fossil,6053,-0.252686,52.816043,south,south,south,south,north
STAY-1,fossil,6047,-0.98877,53.041213,south,south,south,north,north
STAY-2,fossil,6047,-0.98877,53.041213,south,south,south,north,north
STAY-3,fossil,6047,-0.98877,53.041213,south,south,south,north,north
STAY-4,fossil,6047,-0.98877,53.041213,south,south,south,north,north
STLGW-1,onwind,6460,-4.056,57.081,north,north,north,north,north
STLGW-2,onwind,6460,-4.056,57.081,north,north,north,north,north
STLGW-3,onwind,6460,-4.056,57.081,north,north,north,north,north
STRNW-1,onwind,6441,-3.89086,58.385271,north,north,north,north,north
SUTB-1,fossil,5888,0.098877,52.62306,south,south,south,south,north
SVRP-10,fossil,5188,-3.065186,51.740636,south,south,south,south,north
SVRP-20,fossil,5188,-3.065186,51.740636,south,south,south,south,north
TDBNW-1,onwind,7471,-2.81,55.77,south,north,north,north,north
TORN-1,nuclear,5923,-4.405518,53.370221,south,south,south,north,north
TORN-2,nuclear,5923,-4.405518,53.370221,south,south,south,north,north
TORND-1,nuclear,6490,-2.40908,55.968,south,north,north,north,north
TRLGW-1,onwind,5893,-4.81,55.23,south,north,south,north,north
TSREP-1,fossil,5964,-1.12042,54.5768,south,south,north,north,north
TWSHW-1,onwind,5914,-3.9185,55.3142,south,north,north,north,north
WBURB-1,fossil,6033,-0.53833,53.363665,south,south,south,north,north
WBURB-2,fossil,6033,-0.53833,53.363665,south,south,south,north,north
WBURB-3,fossil,6033,-0.53833,53.363665,south,south,south,north,north
WBURB-41,battery,6033,-0.538,53.364,south,south,south,north,north
WBURB-43,battery,6033,-0.538,53.364,south,south,south,north,north
WDRGW-1,onwind,5905,-4.306,55.244,south,north,north,north,north
WHIHW-1,onwind,5914,-4.02,55.32,south,north,north,north,north
WHLWB-1,battery,8037,-4.17331,55.6954,south,north,north,north,north
WILCT-1,fossil,5964,-1.1185,54.5894,south,south,north,north,north
WISHB-1,battery,8035,-3.93867,55.76927,south,north,north,north,north
WISTW-2,onwind,6486,-2.374558,56.844014,south,north,north,north,north
WYLF-1,nuclear,4960,0.241667,51.465278,south,south,south,south,north
WYLF-2,nuclear,4960,0.241667,51.465278,south,south,south,south,north
WYLF-3,nuclear,4960,0.241667,51.465278,south,south,south,south,north
WYLF-4,nuclear,4960,0.241667,51.465278,south,south,south,south,north
AG-CBS06B,battery,6008,-1.37484,53.22386,south,south,south,north,north
AG-HEL00G,battery,5970,-2.643,53.787,south,south,south,north,north
AG-HEL0DN,battery,6473,-3.204,56.166,south,north,north,north,north
AG-HEL0CP,battery,6473,-2.995,56.324,south,north,north,north,north
COVNB-1,battery,5223,-1.508,52.409,south,south,south,south,north
PINFB-2,battery,5940,-2.9435833333333,53.265694444444,south,south,south,north,north
PINFB-1,battery,5940,-2.9435833333333,53.265694444444,south,south,south,north,north
ARNKB-1,battery,6011,-2.0,52.61,south,south,south,north,north
PINFB-4,battery,5940,-2.9435833333333,53.265694444444,south,south,south,north,north
FARNB-1,battery,5251,-0.791,51.21,south,south,south,south,north
NURSB-1,battery,5230,-1.484869,50.942355,south,south,south,south,north
FFSE01,battery,5953,-1.473,55.016,south,south,north,north,north
POTES-1,battery,5953,-1.455827,54.977384,south,south,north,north,north
KEMB-1,battery,4970,0.737,51.364,south,south,south,south,south
AG-ZEN03J,battery,4969,0.477,51.302,south,south,south,south,south
PNYCB-1,battery,5192,-3.564,51.709,south,south,south,north,north
NFSE02,battery,8489,-3.588,55.907,south,north,north,north,north
AG-GEDF02,battery,8838,-2.254,53.197,south,south,south,north,north
AG-GEDF01,battery,8838,-2.254,53.197,south,south,south,north,north
ZEN02A,battery,4955,0.591,52.07,south,south,south,south,north
DINO-5,PHS,5931,-3.977051,53.008173,south,south,south,north,north
AG-LLIM02,battery,5204,-3.157186,51.018497,south,south,south,south,north
DINO-4,PHS,5931,-3.977051,53.008173,south,south,south,north,north
PINFB-3,battery,5940,-2.9435833333333,53.265694444444,south,south,south,north,north
FFES-2,PHS,6440,-4.361572,57.237449,north,north,north,north,north
ARBRB-1,battery,6462,-2.619634,56.56497,south,north,north,north,north
DINO-3,PHS,5931,-3.977051,53.008173,south,south,south,north,north
AG-ASTK05,battery,4950,0.126,52.197,south,south,south,south,north
AG-LLIM01,battery,5224,-2.652,51.516,south,south,south,south,north
DOLLB-1,battery,4968,0.56,51.6,south,south,south,south,north
CUPAB-1,battery,6473,-3.013,56.316,south,north,north,north,north
AG-MSTK01,battery,6035,-0.405,53.791,south,south,south,north,north
AG-JSTK02,battery,5262,-0.334,51.231,south,south,south,south,north
AG-HSTK02,battery,5226,-1.962,51.615,south,south,south,south,north
AG-HSTK01,battery,5226,-1.962,51.615,south,south,south,south,north
HAWKB-1,battery,5229,-2.208174,51.013772,south,south,south,south,north
DINO-2,PHS,5931,-3.977051,53.008173,south,south,south,north,north
CLDNW-1,onwind,5919,-3.35083,55.310391,south,north,north,north,north
CLDSW-1,onwind,5919,-3.35083,55.310391,south,north,north,north,north
DUNGW-1,onwind,6440,-4.255802,57.25148,north,north,north,north,north
HADHW-1,onwind,5899,-4.702148,55.247815,south,north,south,north,north
CLDCW-1,onwind,5919,-3.35083,55.310391,south,north,north,north,north
CLDRW-1,onwind,6448,-2.922363,57.308724,north,north,north,north,north
EDINW-1,onwind,6452,-6.229248,57.279043,north,north,north,north,north
FSDLW-1,onwind,5896,-5.479859,55.780803,south,north,north,north,north
MYGPW-1,onwind,5917,-3.514802,55.248768,south,north,north,north,north
PNYCW-1,onwind,8290,-3.561358,51.710658,south,south,south,north,north
SOKYW-1,onwind,5905,-4.2,55.317,south,north,north,north,north
BABAW-1,onwind,5925,-3.283333,53.983333,south,south,south,north,north
BRNLW-1,onwind,5926,-3.19582,53.487739,south,south,south,north,north
BURBW-1,offwind,5926,-3.273,53.484,south,south,south,north,north
HYWDW-1,offwind,6485,-1.35,57.483,south,north,north,north,north
KINCW-1,offwind,6487,-1.8596,57.0046,south,north,north,north,north
BEATO-1,offwind,6443,-3.07,58.13,north,north,north,north,north
BEATO-3,offwind,6443,-3.07,58.13,north,north,north,north,north
BEATO-4,offwind,6443,-3.07,58.13,north,north,north,north,north
BLLA-1,offwind,5951,-1.401,55.131,south,south,north,north,north
BLLA-2,offwind,5951,-1.401,55.131,south,south,north,north,north
BRBEO-1,offwind,5926,-3.273,53.484,south,south,south,north,north
COSO-1,fossil,4972,0.834961,51.542919,south,south,south,south,south
DBAWO-1,offwind,5889,1.9301,54.7489,south,south,north,north,north
DBAWO-2,offwind,5889,1.9301,54.7489,south,south,north,north,north
DBAWO-3,offwind,5889,1.9301,54.7489,south,south,north,north,north
DBAWO-4,offwind,5889,1.9301,54.7489,south,south,north,north,north
DBAWO-5,offwind,5889,1.9301,54.7489,south,south,north,north,north
DDGNO-1,offwind,5889,1.39,53.249,south,south,south,south,north
DDGNO-2,offwind,5889,1.39,53.249,south,south,south,south,north
DDGNO-3,offwind,5889,1.39,53.249,south,south,south,south,north
DDGNO-4,offwind,5889,1.39,53.249,south,south,south,south,north
DNGBD-1,nuclear,4979,0.95976,50.9134,south,south,south,south,south
DNGB21,nuclear,5963,-1.098633,54.686534,south,south,north,north,north
DNGB22,nuclear,5963,-1.098633,54.686534,south,south,north,north,north
EAAO-1,offwind,4980,2.3,52.66,south,south,south,south,north
EAAO-2,offwind,4980,2.3,52.66,south,south,south,south,north
GAOFO-1,offwind,4980,2.035,51.893,south,south,south,south,south
GAOFO-3,offwind,4980,2.035,51.893,south,south,south,south,south
GAOFO-2,offwind,4980,2.035,51.893,south,south,south,south,south
GAOFO-4,offwind,4980,2.035,51.893,south,south,south,south,south
GNFSW-1,offwind,4956,1.174444,51.739444,south,south,south,south,north
GNFSW-2,offwind,4956,1.174444,51.739444,south,south,south,south,north
GRAI-6,fossil,4972,0.703125,51.47454,south,south,south,south,south
GRAI-7,fossil,4972,0.703125,51.47454,south,south,south,south,south
GRAI-8,fossil,4972,0.703125,51.47454,south,south,south,south,south
GYMRO-15,offwind,5932,-3.584,53.459,south,south,south,north,north
GYMRO-17,offwind,5932,-3.584,53.459,south,south,south,north,north
GYMRO-26,offwind,5932,-3.584,53.459,south,south,south,north,north
GYMRO-28,offwind,5932,-3.584,53.459,south,south,south,north,north
HINB-7,nuclear,5898,-4.822998,55.646599,south,north,north,north,north
HINB-8,nuclear,5898,-4.822998,55.646599,south,north,north,north,north
HINBD-1,nuclear,5202,-3.1280887,51.2088898,south,south,south,south,north
HMGTO-1,offwind,6043,0.293,53.644,south,south,south,north,north
HMGTO-2,offwind,6043,0.293,53.644,south,south,south,north,north
HOWAO-1,offwind,5889,1.791,53.885,south,south,south,north,north
HOWAO-2,offwind,5889,1.791,53.885,south,south,south,north,north
HOWAO-3,offwind,5889,1.791,53.885,south,south,south,north,north
HOWBO-1,offwind,5889,1.5518,53.91,south,south,south,north,north
HOWBO-2,offwind,5889,1.5518,53.91,south,south,south,north,north
HOWBO-3,offwind,5889,1.5518,53.91,south,south,south,north,north
LARYO-1,offwind,4975,1.362305,51.645294,south,south,south,south,south
LARYO-2,offwind,4975,1.362305,51.645294,south,south,south,south,south
LARYO-3,offwind,4975,1.362305,51.645294,south,south,south,south,south
LARYO-4,offwind,4975,1.362305,51.645294,south,south,south,south,south
LNCSO-1,offwind,5888,0.527344,53.265213,south,south,south,north,north
LNCSO-2,offwind,5888,0.527344,53.265213,south,south,south,north,north
MOWEO-1,offwind,6447,-2.69852,58.16708,north,north,north,north,north
MOWEO-2,offwind,6447,-2.69852,58.16708,north,north,north,north,north
MOWEO-3,offwind,6447,-2.69852,58.16708,north,north,north,north,north
RCBKO-1,offwind,5888,0.841,53.276,south,south,south,north,north
RCBKO-2,offwind,5888,0.841,53.276,south,south,south,north,north
RMPNO-1,offwind,5273,-0.27,50.67,south,south,south,south,south
RMPNO-2,offwind,5273,-0.27,50.67,south,south,south,south,south
RREW-1,offwind,5919,-3.716667,54.75,south,south,south,north,north
RRWW-1,offwind,5919,-3.716667,54.75,south,south,south,north,north
SGRWO-2,offwind,6487,-1.741,56.588,south,north,north,north,north
SGRWO-3,offwind,6487,-1.741,56.588,south,north,north,north,north
SGRWO-4,offwind,6487,-1.741,56.588,south,north,north,north,north
SGRWO-5,offwind,6487,-1.741,56.588,south,north,north,north,north
SGRWO-6,offwind,6487,-1.741,56.588,south,north,north,north,north
SHBA-1,fossil,6043,-0.131836,53.618579,south,south,south,north,north
SHBA-2,fossil,6043,-0.131836,53.618579,south,south,south,north,north
SHRSO-1,offwind,5889,1.147,53.135,south,south,south,south,north
SHRSO-2,offwind,5889,1.147,53.135,south,south,south,south,north
TKNEW-1,offwind,5889,0.9,53.4,south,south,south,north,north
TKNWW-1,offwind,5889,0.9,53.4,south,south,south,north,north
WDNSO-1,offwind,5932,-3.768311,53.923751,south,south,south,north,north
WDNSO-2,offwind,5932,-3.768311,53.923751,south,south,south,north,north
WHILW-1,onwind,5925,-3.463,53.983,south,south,south,north,north
WHILW-2,onwind,5925,-3.463,53.983,south,south,south,north,north
WLNYO-2,offwind,5925,-3.522,54.044,south,south,south,north,north
WLNYO-3,offwind,5925,-3.522,54.044,south,south,south,north,north
WLNYO-4,offwind,5925,-3.522,54.044,south,south,south,north,north
WLNYW-1,offwind,5925,-3.522,54.044,south,south,south,north,north
WTMSO-1,offwind,6037,0.681152,53.943155,south,south,south,north,north
BEATO-2,offwind,6443,-3.07,58.13,north,north,north,north,north
THNTO-2,offwind,4975,1.461182,51.385495,south,south,south,south,south
THNTO-1,offwind,4975,1.461182,51.385495,south,south,south,south,south
GRGBW-1,offwind,4980,1.713867,52.066,south,south,south,south,north
GRGBW-2,offwind,4980,1.713867,52.066,south,south,south,south,north
GRGBW-3,offwind,4980,1.713867,52.066,south,south,south,south,north
SGRWO-1,offwind,6487,-1.741,56.588,south,north,north,north,north
ABRBO-1,offwind,6487,-1.98333,57.2167,south,north,north,north,north
OMNDO-1,offwind,5925,-3.4,54.1,south,south,south,north,north
